filename,line_total,line_covered,line_percent,branch_total,branch_covered,branch_percent,function_total,function_covered,function_percent
VMMLib/include/VoronoiMeshMaker/Boundary2D/Boundary2DData.hpp,54,54,1.0,44,26,0.591,8,8,1.0
VMMLib/include/VoronoiMeshMaker/Boundary2D/Boundary2DTypes.hpp,11,11,1.0,12,10,0.833,4,4,1.0
VMMLib/include/VoronoiMeshMaker/Boundary2D/Builders/Boundary2DBuilder.hpp,23,22,0.9570000000000001,11,11,1.0,11,11,1.0
VMMLib/include/VoronoiMeshMaker/Boundary2D/Queries/Boundary2DContains.hpp,44,44,1.0,38,35,0.9209999999999999,4,4,1.0
VMMLib/include/VoronoiMeshMaker/Boundary2D/Queries/Boundary2DDistance.hpp,51,45,0.882,26,20,0.769,8,8,1.0
VMMLib/include/VoronoiMeshMaker/Boundary2D/Shapes/Capsule.hpp,56,51,0.9109999999999999,19,13,0.684,7,7,1.0
VMMLib/include/VoronoiMeshMaker/Boundary2D/Shapes/Circle.hpp,35,31,0.8859999999999999,13,9,0.6920000000000001,6,6,1.0
VMMLib/include/VoronoiMeshMaker/Boundary2D/Shapes/Ellipse.hpp,35,31,0.8859999999999999,15,10,0.667,6,6,1.0
VMMLib/include/VoronoiMeshMaker/Boundary2D/Shapes/Polygon.hpp,27,25,0.9259999999999999,15,12,0.8,5,5,1.0
VMMLib/include/VoronoiMeshMaker/Boundary2D/Shapes/Rectangle.hpp,42,39,0.929,33,27,0.818,6,6,1.0
VMMLib/include/VoronoiMeshMaker/Boundary2D/Shapes/RegularNGon.hpp,35,31,0.8859999999999999,13,9,0.6920000000000001,6,6,1.0
VMMLib/include/VoronoiMeshMaker/Boundary2D/Shapes/Ring2D.hpp,76,74,0.9740000000000001,27,26,0.963,13,13,1.0
VMMLib/include/VoronoiMeshMaker/Boundary2D/Shapes/RoundedRect.hpp,57,46,0.807,26,15,0.5770000000000001,8,8,1.0
VMMLib/include/VoronoiMeshMaker/Boundary2D/Shapes/Triangle.hpp,22,21,0.955,6,5,0.833,5,5,1.0
VMMLib/include/VoronoiMeshMaker/Boundary2D/Transforms/Boundary2DTransform.hpp,42,42,1.0,0,0,,12,12,1.0
VMMLib/include/VoronoiMeshMaker/Boundary2D/Validation/Boundary2DValidation.hpp,47,47,1.0,46,36,0.7829999999999999,8,8,1.0
VMMLib/include/VoronoiMeshMaker/ErrorHandling/CoreErrors.h,12,12,1.0,0,0,,7,7,1.0
VMMLib/include/VoronoiMeshMaker/ErrorHandling/Detail.h,25,24,0.96,23,17,0.7390000000000001,1,1,1.0
VMMLib/include/VoronoiMeshMaker/ErrorHandling/ErrorConfig.h,12,12,1.0,14,9,0.643,4,4,1.0
VMMLib/include/VoronoiMeshMaker/ErrorHandling/ErrorManager.h,26,25,0.9620000000000001,16,12,0.75,5,5,1.0
VMMLib/include/VoronoiMeshMaker/ErrorHandling/ErrorTraits.h,6,6,1.0,0,0,,2,2,1.0
VMMLib/include/VoronoiMeshMaker/ErrorHandling/IErrorLogger.h,2,1,0.5,0,0,,2,1,0.5
VMMLib/include/VoronoiMeshMaker/ErrorHandling/MessageCatalog.hpp,21,20,0.9520000000000001,14,14,1.0,2,2,1.0
VMMLib/include/VoronoiMeshMaker/ErrorHandling/Status.h,16,16,1.0,8,6,0.75,15,15,1.0
VMMLib/include/VoronoiMeshMaker/ErrorHandling/VMMException.h,16,16,1.0,2,2,1.0,6,6,1.0
VMMLib/include/VoronoiMeshMaker/IO/Boundary2D/Boundary2DExport.hpp,13,13,1.0,6,6,1.0,2,2,1.0
VMMLib/include/VoronoiMeshMaker/IO/Boundary2D/Topology/PolyLinesView.hpp,8,8,1.0,0,0,,4,4,1.0
VMMLib/include/VoronoiMeshMaker/IO/Boundary2D/Writers/VTK_Legacy_PolyLines.hpp,45,42,0.9329999999999999,73,64,0.877,2,2,1.0
VMMLib/include/VoronoiMeshMaker/IO/IOHelpers.hpp,95,95,1.0,61,61,1.0,16,16,1.0
VMMLib/include/VoronoiMeshMaker/IO/PathUtils.hpp,29,26,0.897,25,18,0.72,7,7,1.0
VMMLib/include/VoronoiMeshMaker/IO/Sinks.hpp,9,8,0.889,5,3,0.6,3,3,1.0
VMMLib/include/VoronoiMeshMaker/IO/Sites2D/Sites2DExport.hpp,11,11,1.0,4,4,1.0,2,2,1.0
VMMLib/include/VoronoiMeshMaker/IO/Sites2D/Writers/VTK_Legacy_SitesWithBoundary.hpp,86,83,0.965,156,146,0.9359999999999999,1,1,1.0
VMMLib/include/VoronoiMeshMaker/IO/Voronoi2D/ClippedVoronoi2DExport.hpp,18,18,1.0,8,8,1.0,2,2,1.0
VMMLib/include/VoronoiMeshMaker/IO/Voronoi2D/Delaunay2DExport.hpp,9,9,1.0,4,4,1.0,1,1,1.0
VMMLib/include/VoronoiMeshMaker/IO/Voronoi2D/Writers/VTK_Legacy_ClippedVoronoi2D.hpp,232,220,0.948,389,329,0.846,4,4,1.0
VMMLib/include/VoronoiMeshMaker/IO/Voronoi2D/Writers/VTK_Legacy_Delaunay2D.hpp,126,116,0.9209999999999999,224,201,0.897,1,1,1.0
VMMLib/include/VoronoiMeshMaker/Sites2D/Factory/SiteFactory.hpp,421,404,0.96,251,199,0.7929999999999999,57,57,1.0
VMMLib/include/VoronoiMeshMaker/Sites2D/Site2D.hpp,12,10,0.833,6,0,0.0,5,4,0.8
VMMLib/include/VoronoiMeshMaker/Sites2D/SiteSet.hpp,39,38,0.9740000000000001,15,12,0.8,17,17,1.0
VMMLib/include/VoronoiMeshMaker/Sites2D/SiteValidation.hpp,97,95,0.9790000000000001,66,61,0.924,18,18,1.0
VMMLib/include/VoronoiMeshMaker/Sites2D/Transforms/Site2DTransform.hpp,7,7,1.0,2,2,1.0,2,2,1.0
VMMLib/include/VoronoiMeshMaker/Voronoi2D/Cells/BoundaryConditionPoint2D.hpp,59,59,1.0,16,14,0.875,10,10,1.0
VMMLib/include/VoronoiMeshMaker/Voronoi2D/Cells/VoronoiCell2D.hpp,65,64,0.985,14,9,0.643,13,13,1.0
VMMLib/include/VoronoiMeshMaker/Voronoi2D/Cells/VoronoiCellBuilder2D.hpp,78,73,0.9359999999999999,83,64,0.7709999999999999,10,10,1.0
VMMLib/include/VoronoiMeshMaker/Voronoi2D/Clipping/BisectorHalfplane.hpp,11,11,1.0,3,3,1.0,1,1,1.0
VMMLib/include/VoronoiMeshMaker/Voronoi2D/Clipping/BoundaryShortEdgeCollapse2D.hpp,109,103,0.945,73,58,0.795,8,8,1.0
VMMLib/include/VoronoiMeshMaker/Voronoi2D/Clipping/Halfplane2D.hpp,11,11,1.0,8,6,0.75,4,4,1.0
VMMLib/include/VoronoiMeshMaker/Voronoi2D/Clipping/HalfplaneClipper2D.hpp,49,47,0.9590000000000001,28,22,0.7859999999999999,5,5,1.0
VMMLib/include/VoronoiMeshMaker/Voronoi2D/Clipping/VoronoiBoundaryCellDetector2D.hpp,163,147,0.902,119,86,0.723,13,13,1.0
VMMLib/include/VoronoiMeshMaker/Voronoi2D/CVT/LloydOptimizer2D.hpp,103,97,0.9420000000000001,45,34,0.7559999999999999,6,6,1.0
VMMLib/include/VoronoiMeshMaker/Voronoi2D/Delaunay/DelaunayBuilder2D.hpp,17,15,0.882,34,27,0.794,1,1,1.0
VMMLib/include/VoronoiMeshMaker/Voronoi2D/Delaunay/DelaunayNeighborProvider2D.hpp,16,15,0.938,18,17,0.9440000000000001,2,2,1.0
VMMLib/include/VoronoiMeshMaker/Voronoi2D/Delaunay/DelaunaySiteIndex.hpp,31,28,0.903,33,27,0.818,4,4,1.0
VMMLib/include/VoronoiMeshMaker/Voronoi2D/Diagram/ClippedVoronoiBuilder2D.hpp,200,194,0.97,117,101,0.863,9,9,1.0
VMMLib/include/VoronoiMeshMaker/Voronoi2D/Diagram/ClippedVoronoiDiagram2D.hpp,126,119,0.9440000000000001,36,18,0.5,41,41,1.0
VMMLib/include/VoronoiMeshMaker/Voronoi2D/Diagram/ClippedVoronoiDiagram2DTransform.hpp,46,46,1.0,42,28,0.667,3,3,1.0
VMMLib/include/VoronoiMeshMaker/Voronoi2D/Diagram/VoronoiFaceConnectivity2D.hpp,134,126,0.94,175,127,0.726,9,9,1.0
VMMLib/include/VoronoiMeshMaker/Voronoi2D/Metrics/VoronoiBandwidth2D.hpp,25,22,0.88,26,25,0.9620000000000001,2,2,1.0
VMMLib/include/VoronoiMeshMaker/Voronoi2D/Metrics/VoronoiEdgeLengthDiagnostics2D.hpp,55,44,0.8,51,33,0.647,4,4,1.0
VMMLib/include/VoronoiMeshMaker/Voronoi2D/Metrics/VoronoiGenerationTimer2D.hpp,18,18,1.0,14,11,0.7859999999999999,2,2,1.0
VMMLib/include/VoronoiMeshMaker/Voronoi2D/Ordering/VoronoiVolumeOrdering2D.hpp,122,117,0.9590000000000001,67,53,0.7909999999999999,26,26,1.0
VMMLib/include/VoronoiMeshMaker/Voronoi2D/Traits/CgalKernelTraits2D.hpp,10,10,1.0,16,14,0.875,3,3,1.0
VMMLib/src/Boundary2D/ErrorHandling/ErrorConfig.cpp,2,2,1.0,1,1,1.0,1,1,1.0
VMMLib/src/VTK_XML_ClippedVoronoi2D.cpp,157,154,0.981,278,247,0.888,15,15,1.0
