nome,tipo,namespace,header,source,modulo,responsabilidade,dependencias_externas,dependencias_vmm,teste_especifico,testes_que_citam,cobertura,usa_virtual,heranca,enum_despacho_usado,duplicata,estado,classificacao,justificativa
Boundary2DData,struct,vmm,VMMLib/include/VoronoiMeshMaker/Boundary2D/Boundary2DData.hpp,,Boundary2D,Canonical polygon-with-holes storage (SoA/CSR).,,Boundary2D ErrorHandling,não,ut_Boundary2DContains.cpp ut_Boundary2DDistance.cpp ut_Boundary2DShapes.cpp ut_Boundary2DTransform.cpp ut_Boundary2DValidation.cpp ut_Connectivity.cpp ut_Diagram.cpp ut_SiteValidation.cpp ut_VTK_Legacy.cpp,100.0% linhas / 59.1% ramos,não,,,,ativo,APROVEITAR,modelo POD/SoA; falta meio × região e domínio não convexo no recorte
RegionId,struct,vmm,VMMLib/include/VoronoiMeshMaker/Boundary2D/Boundary2DTypes.hpp,,Boundary2D,Region identifier for non-homogeneous domains. */,,Core,não,ut_Boundary2DBuilder.cpp ut_Boundary2DShapes.cpp ut_Boundary2DTransform.cpp ut_Boundary2DTransformExport.cpp ut_Connectivity.cpp ut_Delaunay.cpp ut_Diagram.cpp ut_IO.cpp ut_Ring2D.cpp ut_Site2D.cpp ut_SiteFactory.cpp ut_SiteSet.cpp ut_SiteValidation.cpp ut_VTK_Legacy.cpp,arquivo compartilhado (5 tipos): 100.0% linhas,não,,,,ativo,APROVEITAR,modelo POD/SoA; falta meio × região e domínio não convexo no recorte
TagId,struct,vmm,VMMLib/include/VoronoiMeshMaker/Boundary2D/Boundary2DTypes.hpp,,Boundary2D,Optional tag identifier (edge/ring/patch labelling). */,,Core,não,,arquivo compartilhado (5 tipos): 100.0% linhas,não,,,,ativo (interno ao arquivo),APROVEITAR,modelo POD/SoA; falta meio × região e domínio não convexo no recorte
Point2,struct,vmm,VMMLib/include/VoronoiMeshMaker/Boundary2D/Boundary2DTypes.hpp,,Boundary2D,"2D point. Plain old data, aligned to 16 bytes to help vector loads.",,Core,não,ut_Boundary2DBuilder.cpp ut_Boundary2DContains.cpp ut_Boundary2DDistance.cpp ut_Boundary2DShapes.cpp ut_Boundary2DTransform.cpp ut_Boundary2DTransformExport.cpp ut_Boundary2DValidation.cpp ut_CVT.cpp ut_Cells.cpp ut_Clipping.cpp ut_Connectivity.cpp ut_Delaunay.cpp ut_Diagram.cpp ut_IO.cpp ut_Rectangle.cpp ut_Release.cpp ut_Ring2D.cpp ut_Site2D.cpp ut_SiteFactory.cpp ut_SiteSet.cpp ut_SiteValidation.cpp ut_VTK_Legacy.cpp,arquivo compartilhado (5 tipos): 100.0% linhas,não,,,,ativo,APROVEITAR,modelo POD/SoA; falta meio × região e domínio não convexo no recorte
Box2,struct,vmm,VMMLib/include/VoronoiMeshMaker/Boundary2D/Boundary2DTypes.hpp,,Boundary2D,Axis-aligned bounding box.,,Core,não,,arquivo compartilhado (5 tipos): 100.0% linhas,não,,,,ativo,APROVEITAR,modelo POD/SoA; falta meio × região e domínio não convexo no recorte
Affine2,struct,vmm,VMMLib/include/VoronoiMeshMaker/Boundary2D/Boundary2DTypes.hpp,,Boundary2D,Row-major 2x3 affine transform:,,Core,não,ut_Boundary2DTransform.cpp,arquivo compartilhado (5 tipos): 100.0% linhas,não,,,,ativo,APROVEITAR,modelo POD/SoA; falta meio × região e domínio não convexo no recorte
PolygonizePolicy,struct,vmm,VMMLib/include/VoronoiMeshMaker/Boundary2D/Policies/PolygonizePolicy.hpp,,Boundary2D,Placeholder policy (extensível no futuro).,,Core,não,ut_Boundary2DBuilder.cpp ut_Boundary2DShapes.cpp ut_Boundary2DTransformExport.cpp ut_Delaunay.cpp ut_IO.cpp ut_Rectangle.cpp ut_Ring2D.cpp ut_SiteFactory.cpp ut_SiteValidation.cpp ut_VTK_Legacy.cpp,não instrumentado,não,,,,ativo,APROVEITAR,modelo POD/SoA; falta meio × região e domínio não convexo no recorte
BoundaryProjection2D,struct,vmm,VMMLib/include/VoronoiMeshMaker/Boundary2D/Queries/Boundary2DDistance.hpp,,Boundary2D,,,Boundary2D,não,,88.2% linhas / 76.9% ramos,não,,,VMMLib/include/VoronoiMeshMaker/Boundary2D/Boundary2DDistance.hpp,ativo (interno ao arquivo),APROVEITAR,modelo POD/SoA; falta meio × região e domínio não convexo no recorte
Capsule,struct,vmm,VMMLib/include/VoronoiMeshMaker/Boundary2D/Shapes/Capsule.hpp,,Boundary2D,Horizontal capsule polygonized as a CCW ring.,,Boundary2D Core ErrorHandling,não,ut_Boundary2DShapes.cpp,91.1% linhas / 68.4% ramos,não,,,,ativo,APROVEITAR,modelo POD/SoA; falta meio × região e domínio não convexo no recorte
Circle,struct,vmm,VMMLib/include/VoronoiMeshMaker/Boundary2D/Shapes/Circle.hpp,,Boundary2D,Circular 2D shape polygonized as a counter-clockwise closed ring.,,Boundary2D Core ErrorHandling,não,ut_Boundary2DShapes.cpp,88.6% linhas / 69.2% ramos,não,,,,ativo,APROVEITAR,modelo POD/SoA; falta meio × região e domínio não convexo no recorte
Ellipse,struct,vmm,VMMLib/include/VoronoiMeshMaker/Boundary2D/Shapes/Ellipse.hpp,,Boundary2D,Axis-aligned ellipse polygonized as a CCW ring.,,Boundary2D Core ErrorHandling,não,ut_Boundary2DShapes.cpp,88.6% linhas / 66.7% ramos,não,,,,ativo,APROVEITAR,modelo POD/SoA; falta meio × região e domínio não convexo no recorte
Polygon,struct,vmm,VMMLib/include/VoronoiMeshMaker/Boundary2D/Shapes/Polygon.hpp,,Boundary2D,Explicit polygon shape represented by one CCW outer ring.,,Boundary2D Core ErrorHandling,não,ut_Boundary2DShapes.cpp,92.6% linhas / 80.0% ramos,não,,,,ativo,APROVEITAR,modelo POD/SoA; falta meio × região e domínio não convexo no recorte
Rectangle,struct,vmm,VMMLib/include/VoronoiMeshMaker/Boundary2D/Shapes/Rectangle.hpp,,Boundary2D,Axis-aligned rectangle polygonized as four CCW vertices.,,Boundary2D ErrorHandling,sim,ut_Boundary2DBuilder.cpp ut_Boundary2DShapes.cpp ut_CVT.cpp ut_Cells.cpp ut_Clipping.cpp ut_Connectivity.cpp ut_Delaunay.cpp ut_Diagram.cpp ut_IO.cpp ut_Rectangle.cpp ut_Release.cpp ut_SiteFactory.cpp ut_SiteValidation.cpp ut_VTK_Legacy.cpp,arquivo compartilhado (2 tipos): 92.9% linhas,não,,,,ativo,APROVEITAR,modelo POD/SoA; falta meio × região e domínio não convexo no recorte
CenteredTag,struct,vmm,VMMLib/include/VoronoiMeshMaker/Boundary2D/Shapes/Rectangle.hpp,,Boundary2D,Axis-aligned rectangle polygonized as four CCW vertices.,,Boundary2D ErrorHandling,não,,arquivo compartilhado (2 tipos): 92.9% linhas,não,,,,ativo (interno ao arquivo),APROVEITAR,modelo POD/SoA; falta meio × região e domínio não convexo no recorte
RegularNGon,struct,vmm,VMMLib/include/VoronoiMeshMaker/Boundary2D/Shapes/RegularNGon.hpp,,Boundary2D,Regular polygon with `sides` equally spaced CCW vertices.,,Boundary2D Core ErrorHandling,não,ut_Boundary2DShapes.cpp,88.6% linhas / 69.2% ramos,não,,,,ativo,APROVEITAR,modelo POD/SoA; falta meio × região e domínio não convexo no recorte
Ring2D,struct,vmm,VMMLib/include/VoronoiMeshMaker/Boundary2D/Shapes/Ring2D.hpp,,Boundary2D,Circular annulus represented by one outer loop and one hole loop.,,Boundary2D Core ErrorHandling,sim,ut_Boundary2DBuilder.cpp ut_Boundary2DShapes.cpp ut_Boundary2DTransformExport.cpp ut_Cells.cpp ut_Connectivity.cpp ut_Ring2D.cpp ut_SiteFactory.cpp ut_SiteValidation.cpp,97.4% linhas / 96.3% ramos,não,,,,ativo,APROVEITAR,modelo POD/SoA; falta meio × região e domínio não convexo no recorte
RoundedRect,struct,vmm,VMMLib/include/VoronoiMeshMaker/Boundary2D/Shapes/RoundedRect.hpp,,Boundary2D,Rounded rectangle polygonized as a CCW outer ring.,,Boundary2D Core ErrorHandling,não,ut_Boundary2DShapes.cpp,80.7% linhas / 57.7% ramos,não,,,,ativo,APROVEITAR,modelo POD/SoA; falta meio × região e domínio não convexo no recorte
Triangle,struct,vmm,VMMLib/include/VoronoiMeshMaker/Boundary2D/Shapes/Triangle.hpp,,Boundary2D,Triangle shape stored as three counter-clockwise vertices.,,Boundary2D Core ErrorHandling,não,ut_Boundary2DShapes.cpp,95.5% linhas / 83.3% ramos,não,,,,ativo,APROVEITAR,modelo POD/SoA; falta meio × região e domínio não convexo no recorte
ErrorInfo,struct,vmm::error::detail,VMMLib/include/VoronoiMeshMaker/ErrorHandling/CoreErrors.h,,ErrorHandling,Core error domain (example). */,,ErrorHandling,não,,100.0% linhas / None% ramos,não,,,,ativo (interno ao arquivo),APROVEITAR,catálogo pt/en e códigos estáveis
ErrorConfig,struct,vmm::error,VMMLib/include/VoronoiMeshMaker/ErrorHandling/ErrorConfig.h,VMMLib/src/Boundary2D/ErrorHandling/ErrorConfig.cpp,ErrorHandling,Immutable configuration blob (shared). */,,ErrorHandling,não,ut_Connectivity.cpp ut_Exception.cpp ut_Integration.cpp ut_Language.cpp ut_Macros.cpp ut_Manager.cpp ut_MessageCatalog.cpp,arquivo compartilhado (2 tipos): 100.0% linhas,não,,Policy,,ativo,REFATORAR,enum Policy de despacho fechado
Config,class,vmm::error,VMMLib/include/VoronoiMeshMaker/ErrorHandling/ErrorConfig.h,VMMLib/src/Boundary2D/ErrorHandling/ErrorConfig.cpp,ErrorHandling,Global config handle (atomic shared_ptr swap).,,ErrorHandling,sim,ut_Config.cpp ut_Connectivity.cpp ut_Exception.cpp ut_Integration.cpp ut_Language.cpp ut_Macros.cpp ut_Manager.cpp ut_MessageCatalog.cpp,arquivo compartilhado (2 tipos): 100.0% linhas,não,,,,ativo,APROVEITAR,catálogo pt/en e códigos estáveis
ThreadLocalBufferLogger,class,vmm::error,VMMLib/include/VoronoiMeshMaker/ErrorHandling/ErrorManager.h,,ErrorHandling,A default logger implementation that stores error records in a,,ErrorHandling,não,,arquivo compartilhado (2 tipos): 91.7% linhas,não,: public IErrorLogger,,,ativo,REFATORAR,deriva de IErrorLogger (R3)
ErrorManager,class,vmm::error,VMMLib/include/VoronoiMeshMaker/ErrorHandling/ErrorManager.h,,ErrorHandling,Global facade for the error handling system.,,ErrorHandling,não,ut_Connectivity.cpp ut_Macros.cpp ut_Manager.cpp,arquivo compartilhado (2 tipos): 91.7% linhas,não,,,,ativo,APROVEITAR,catálogo pt/en e códigos estáveis
ErrorRecord,struct,vmm::error,VMMLib/include/VoronoiMeshMaker/ErrorHandling/ErrorRecord.h,,ErrorHandling,Holds all information about a single logged error event. */,,ErrorHandling,não,ut_Manager.cpp,não instrumentado,não,,,,ativo,APROVEITAR,catálogo pt/en e códigos estáveis
FileErrorInfo,struct,vmm::error::detail,VMMLib/include/VoronoiMeshMaker/ErrorHandling/FileErrors.h,,ErrorHandling,Static metadata for FileErr messages. */,,ErrorHandling,não,,não instrumentado,não,,,,morto (não alcançado pelo build),DESCARTAR,"não alcançado por nenhum alvo compilado (biblioteca, testes, exemplos, paper)"
IErrorLogger,class,vmm::error,VMMLib/include/VoronoiMeshMaker/ErrorHandling/IErrorLogger.h,,ErrorHandling,Interface for error logging destinations (sinks).,,ErrorHandling,não,,não instrumentado,sim,,,,ativo,REFATORAR,interface virtual (R3); trocar por callback
Status,class,vmm::error,VMMLib/include/VoronoiMeshMaker/ErrorHandling/Status.h,,ErrorHandling,Lightweight status types to avoid exceptions when desired.,,ErrorHandling,sim,ut_Status.cpp,arquivo compartilhado (2 tipos): 100.0% linhas,não,,,,ativo,APROVEITAR,catálogo pt/en e códigos estáveis
StatusOr,class,vmm::error,VMMLib/include/VoronoiMeshMaker/ErrorHandling/Status.h,,ErrorHandling,Lightweight status types to avoid exceptions when desired.,,ErrorHandling,não,ut_Status.cpp,arquivo compartilhado (2 tipos): 100.0% linhas,não,,,,ativo,APROVEITAR,catálogo pt/en e códigos estáveis
VMMException,class,vmm::error,VMMLib/include/VoronoiMeshMaker/ErrorHandling/VMMException.h,,ErrorHandling,"Minimal exception that stores code, severity and messages.",,ErrorHandling,não,ut_Boundary2DBuilder.cpp ut_Boundary2DShapes.cpp ut_CVT.cpp ut_Cells.cpp ut_Clipping.cpp ut_Connectivity.cpp ut_Delaunay.cpp ut_Exception.cpp ut_Macros.cpp ut_Rectangle.cpp ut_Ring2D.cpp ut_SiteFactory.cpp ut_SiteSet.cpp ut_SiteValidation.cpp ut_VTK_Legacy.cpp,100.0% linhas / 100.0% ramos,não,: public std::exception,,,ativo,REFATORAR,deriva de std::exception; política de exceções no P05
PolyLinesView,class,vmm::io,VMMLib/include/VoronoiMeshMaker/IO/Boundary2D/Topology/PolyLinesView.hpp,,IO,,,Boundary2D Core,não,,100.0% linhas / None% ramos,não,,,,ativo,REFATORAR,escritores úteis; consolidar VTK legacy/XML e separar visualização de persistência
TriangulatedView,class,vmm::io,VMMLib/include/VoronoiMeshMaker/IO/Boundary2D/Topology/TriangulatePolicy.hpp,,IO,Fornece uma visão triangulada sobre um Boundary2DData para exportação como polígonos.,,Boundary2D Core,não,,não instrumentado,não,,,,morto (não alcançado pelo build),DESCARTAR,"não alcançado por nenhum alvo compilado (biblioteca, testes, exemplos, paper)"
VTK_Legacy_PolyLinesWriter,struct,vmm::io,VMMLib/include/VoronoiMeshMaker/IO/Boundary2D/Writers/VTK_Legacy_PolyLines.hpp,,IO,Functor writer: VTK Legacy (.vtk) POLYDATA with closed LINES (ASCII).,,Core ErrorHandling IO,não,ut_VTK_Legacy.cpp,93.3% linhas / 87.7% ramos,não,,,,ativo,REFATORAR,escritores úteis; consolidar VTK legacy/XML e separar visualização de persistência
VTK_Legacy_PolysWriter,struct,vmm::io,VMMLib/include/VoronoiMeshMaker/IO/Boundary2D/Writers/VTK_Legacy_Polys.hpp,,IO,Functor que escreve uma fronteira triangulada no formato VTK Legacy (ASCII).,,Core ErrorHandling IO,não,,não instrumentado,não,,,,morto (não alcançado pelo build),DESCARTAR,"não alcançado por nenhum alvo compilado (biblioteca, testes, exemplos, paper)"
VtkBoundaryWriter,class,vmm::io,VMMLib/include/VoronoiMeshMaker/IO/Boundary2D/Writers/Vtk.hpp,,IO,Classe responsável por escrever dados Boundary2D no formato VTK.,,Boundary2D Core IO,não,,não instrumentado,não,,,,morto (não alcançado pelo build),DESCARTAR,"não alcançado por nenhum alvo compilado (biblioteca, testes, exemplos, paper)"
PrintLine,class,vmm::io,VMMLib/include/VoronoiMeshMaker/IO/IOHelpers.hpp,,IO,Manipulador personalizado para imprimir linhas no stream de saída,,Core,não,ut_IOHelpers.cpp,arquivo compartilhado (3 tipos): 100.0% linhas,não,,,,ativo,REFATORAR,escritores úteis; consolidar VTK legacy/XML e separar visualização de persistência
HeaderPrinter,class,vmm::io,VMMLib/include/VoronoiMeshMaker/IO/IOHelpers.hpp,,IO,Classe para impressão de cabeçalhos formatados,,Core,não,ut_IOHelpers.cpp,arquivo compartilhado (3 tipos): 100.0% linhas,não,,,,ativo,REFATORAR,escritores úteis; consolidar VTK legacy/XML e separar visualização de persistência
CommentPrinter,class,vmm::io,VMMLib/include/VoronoiMeshMaker/IO/IOHelpers.hpp,,IO,Classe para impressão de textos formatados como comentários,,Core,não,ut_IOHelpers.cpp,arquivo compartilhado (3 tipos): 100.0% linhas,não,,,,ativo,REFATORAR,escritores úteis; consolidar VTK legacy/XML e separar visualização de persistência
VtkOptions,struct,vmm::io,VMMLib/include/VoronoiMeshMaker/IO/Options.hpp,,IO,Agrega todas as opções de exportação para o formato VTK.,,Core,não,ut_Boundary2DShapes.cpp ut_Boundary2DTransformExport.cpp ut_Delaunay.cpp ut_Diagram.cpp ut_IO.cpp ut_VTK_Legacy.cpp,não instrumentado,não,,Dialect Encoding Topology,,ativo,REFATORAR,enums Dialect/Topology/Encoding de despacho
OStreamSink,struct,vmm::io,VMMLib/include/VoronoiMeshMaker/IO/Sinks.hpp,,IO,Sink que escreve em um `std::ostream` existente (não toma posse).,,Core ErrorHandling,não,,arquivo compartilhado (2 tipos): 88.9% linhas,não,,,,ativo (interno ao arquivo),REFATORAR,escritores úteis; consolidar VTK legacy/XML e separar visualização de persistência
FileSink,class,vmm::io,VMMLib/include/VoronoiMeshMaker/IO/Sinks.hpp,,IO,Sink que gerencia um arquivo próprio (abre/fecha).,,Core ErrorHandling,não,ut_VTK_Legacy.cpp,arquivo compartilhado (2 tipos): 88.9% linhas,não,,,,ativo,REFATORAR,escritores úteis; consolidar VTK legacy/XML e separar visualização de persistência
VTK_Legacy_SitesWithBoundaryWriter,struct,vmm::io,VMMLib/include/VoronoiMeshMaker/IO/Sites2D/Writers/VTK_Legacy_SitesWithBoundary.hpp,,IO,Functor writer: VTK Legacy POLYDATA with boundary lines and site points.,,Boundary2D Core ErrorHandling IO Sites2D,não,,96.5% linhas / 93.6% ramos,não,,,,ativo,REFATORAR,escritores úteis; consolidar VTK legacy/XML e separar visualização de persistência
VtkVolumeScalarField,struct,vmm::io,VMMLib/include/VoronoiMeshMaker/IO/Voronoi2D/Writers/VTK_Legacy_ClippedVoronoi2D.hpp,,IO,"Writes Boundary2D, Site2D, Delaunay and Voronoi cells to POLYDATA.",CGAL,Boundary2D IO Voronoi2D,não,ut_Diagram.cpp,arquivo compartilhado (4 tipos): 94.8% linhas,não,,,,ativo,REFATORAR,escritores úteis; consolidar VTK legacy/XML e separar visualização de persistência
VtkVector3D,struct,vmm::io,VMMLib/include/VoronoiMeshMaker/IO/Voronoi2D/Writers/VTK_Legacy_ClippedVoronoi2D.hpp,,IO,"Writes Boundary2D, Site2D, Delaunay and Voronoi cells to POLYDATA.",CGAL,Boundary2D IO Voronoi2D,não,ut_Diagram.cpp,arquivo compartilhado (4 tipos): 94.8% linhas,não,,,,ativo,REFATORAR,escritores úteis; consolidar VTK legacy/XML e separar visualização de persistência
VtkVolumeVectorField,struct,vmm::io,VMMLib/include/VoronoiMeshMaker/IO/Voronoi2D/Writers/VTK_Legacy_ClippedVoronoi2D.hpp,,IO,"Writes Boundary2D, Site2D, Delaunay and Voronoi cells to POLYDATA.",CGAL,Boundary2D IO Voronoi2D,não,ut_Diagram.cpp,arquivo compartilhado (4 tipos): 94.8% linhas,não,,,,ativo,REFATORAR,escritores úteis; consolidar VTK legacy/XML e separar visualização de persistência
VTK_Legacy_ClippedVoronoi2DWriter,struct,vmm::io,VMMLib/include/VoronoiMeshMaker/IO/Voronoi2D/Writers/VTK_Legacy_ClippedVoronoi2D.hpp,,IO,Functor writer: VTK Legacy POLYDATA for a complete 2D diagram.,CGAL,Boundary2D IO Voronoi2D,não,,arquivo compartilhado (4 tipos): 94.8% linhas,não,,,,ativo,REFATORAR,escritores úteis; consolidar VTK legacy/XML e separar visualização de persistência
VTK_Legacy_Delaunay2DWriter,struct,vmm::io,VMMLib/include/VoronoiMeshMaker/IO/Voronoi2D/Writers/VTK_Legacy_Delaunay2D.hpp,,IO,"Functor writer: VTK Legacy POLYDATA with boundary, sites and Delaunay.",CGAL,Boundary2D Core ErrorHandling IO Sites2D Voronoi2D,não,,92.1% linhas / 89.8% ramos,não,,,,ativo,REFATORAR,escritores úteis; consolidar VTK legacy/XML e separar visualização de persistência
VtkXmlClippedOptions2D,struct,vmm::io,VMMLib/include/VoronoiMeshMaker/IO/Voronoi2D/Writers/VTK_XML_ClippedVoronoi2D.hpp,VMMLib/src/VTK_XML_ClippedVoronoi2D.cpp,IO,"Shared-vertex, polygon-only XML unstructured grid export.",,Voronoi2D,não,,não instrumentado,não,,,,ativo,REFATORAR,escritores úteis; consolidar VTK legacy/XML e separar visualização de persistência
VtkXmlClippedSummary2D,struct,vmm::io,VMMLib/include/VoronoiMeshMaker/IO/Voronoi2D/Writers/VTK_XML_ClippedVoronoi2D.hpp,VMMLib/src/VTK_XML_ClippedVoronoi2D.cpp,IO,"Shared-vertex, polygon-only XML unstructured grid export.",,Voronoi2D,não,,não instrumentado,não,,,,ativo,REFATORAR,escritores úteis; consolidar VTK legacy/XML e separar visualização de persistência
VtkXmlCellDataArray2D,struct,vmm::io,VMMLib/include/VoronoiMeshMaker/IO/Voronoi2D/Writers/VTK_XML_ClippedVoronoi2D.hpp,VMMLib/src/VTK_XML_ClippedVoronoi2D.cpp,IO,"Shared-vertex, polygon-only XML unstructured grid export.",,Voronoi2D,não,ut_Release.cpp,não instrumentado,não,,,,ativo,REFATORAR,escritores úteis; consolidar VTK legacy/XML e separar visualização de persistência
CartesianGrid2D,struct,vmm,VMMLib/include/VoronoiMeshMaker/Sites2D/Factory/SiteFactory.hpp,,Sites2D,Deterministic Cartesian grid distribution over a Boundary2D box.,,Boundary2D ErrorHandling Sites2D,não,ut_Diagram.cpp ut_SiteFactory.cpp,arquivo compartilhado (7 tipos): 96.0% linhas,não,,,VMMLib/include/VoronoiMeshMaker/SiteFactory.hpp,ativo,REFATORAR,arquivo monolítico (1 053 linhas); distribuição aleatória não portável
CartesianGridCount2D,struct,vmm,VMMLib/include/VoronoiMeshMaker/Sites2D/Factory/SiteFactory.hpp,,Sites2D,Deterministic Cartesian grid distribution over a Boundary2D box.,,Boundary2D ErrorHandling Sites2D,não,ut_CVT.cpp ut_Connectivity.cpp ut_Diagram.cpp ut_Release.cpp ut_SiteFactory.cpp,arquivo compartilhado (7 tipos): 96.0% linhas,não,,,VMMLib/include/VoronoiMeshMaker/SiteFactory.hpp,ativo,REFATORAR,arquivo monolítico (1 053 linhas); distribuição aleatória não portável
SiteGenerationBox2D,struct,vmm,VMMLib/include/VoronoiMeshMaker/Sites2D/Factory/SiteFactory.hpp,,Sites2D,Axis-aligned generation box used by site patterns before clipping.,,Boundary2D ErrorHandling Sites2D,não,ut_SiteFactory.cpp,arquivo compartilhado (7 tipos): 96.0% linhas,não,,,VMMLib/include/VoronoiMeshMaker/SiteFactory.hpp,ativo,REFATORAR,arquivo monolítico (1 053 linhas); distribuição aleatória não portável
TriangularIIGrid2D,struct,vmm,VMMLib/include/VoronoiMeshMaker/Sites2D/Factory/SiteFactory.hpp,,Sites2D,Triangular II pattern from the reference paper.,,Boundary2D ErrorHandling Sites2D,não,ut_SiteFactory.cpp,arquivo compartilhado (7 tipos): 96.0% linhas,não,,,VMMLib/include/VoronoiMeshMaker/SiteFactory.hpp,ativo,REFATORAR,arquivo monolítico (1 053 linhas); distribuição aleatória não portável
TriangularIVGrid2D,struct,vmm,VMMLib/include/VoronoiMeshMaker/Sites2D/Factory/SiteFactory.hpp,,Sites2D,Triangular IV pattern from the reference paper.,,Boundary2D ErrorHandling Sites2D,não,ut_SiteFactory.cpp,arquivo compartilhado (7 tipos): 96.0% linhas,não,,,VMMLib/include/VoronoiMeshMaker/SiteFactory.hpp,ativo,REFATORAR,arquivo monolítico (1 053 linhas); distribuição aleatória não portável
HexagonalGrid2D,struct,vmm,VMMLib/include/VoronoiMeshMaker/Sites2D/Factory/SiteFactory.hpp,,Sites2D,Staggered lattice that produces hexagonal Voronoi cells.,,Boundary2D ErrorHandling Sites2D,não,ut_Diagram.cpp ut_Release.cpp ut_SiteFactory.cpp,arquivo compartilhado (7 tipos): 96.0% linhas,não,,,VMMLib/include/VoronoiMeshMaker/SiteFactory.hpp,ativo,REFATORAR,arquivo monolítico (1 053 linhas); distribuição aleatória não portável
UniformRandom2D,struct,vmm,VMMLib/include/VoronoiMeshMaker/Sites2D/Factory/SiteFactory.hpp,,Sites2D,Uniform random rejection sampler inside Boundary2D.,,Boundary2D ErrorHandling Sites2D,não,ut_Connectivity.cpp ut_Diagram.cpp ut_Release.cpp ut_SiteFactory.cpp,arquivo compartilhado (7 tipos): 96.0% linhas,não,,,VMMLib/include/VoronoiMeshMaker/SiteFactory.hpp,ativo,REFATORAR,arquivo monolítico (1 053 linhas); distribuição aleatória não portável
SiteId,struct,vmm,VMMLib/include/VoronoiMeshMaker/Sites2D/Site2D.hpp,,Sites2D,Strong identifier for a 2D Voronoi generator site.,,Boundary2D Core,não,ut_CVT.cpp ut_Cells.cpp ut_Clipping.cpp ut_Connectivity.cpp ut_Delaunay.cpp ut_Diagram.cpp ut_Site2D.cpp ut_SiteFactory.cpp ut_SiteSet.cpp ut_SiteValidation.cpp,arquivo compartilhado (2 tipos): 83.3% linhas,não,,,VMMLib/include/VoronoiMeshMaker/Site2D.hpp,ativo,APROVEITAR,tipos simples e testados; Site2D já reserva weight
Site2D,struct,vmm,VMMLib/include/VoronoiMeshMaker/Sites2D/Site2D.hpp,,Sites2D,A 2D Voronoi generator site.,,Boundary2D Core,sim,ut_Delaunay.cpp ut_IO.cpp ut_Site2D.cpp ut_SiteSet.cpp ut_SiteValidation.cpp,arquivo compartilhado (2 tipos): 83.3% linhas,não,,,VMMLib/include/VoronoiMeshMaker/Site2D.hpp,ativo,APROVEITAR,tipos simples e testados; Site2D já reserva weight
SiteSet,struct,vmm,VMMLib/include/VoronoiMeshMaker/Sites2D/SiteSet.hpp,,Sites2D,Contiguous collection of 2D Voronoi generator sites.,,ErrorHandling Sites2D,sim,ut_CVT.cpp ut_Cells.cpp ut_Clipping.cpp ut_Connectivity.cpp ut_Delaunay.cpp ut_Diagram.cpp ut_IO.cpp ut_SiteSet.cpp ut_SiteValidation.cpp,97.4% linhas / 80.0% ramos,não,,,VMMLib/include/VoronoiMeshMaker/SiteSet.hpp,ativo,APROVEITAR,tipos simples e testados; Site2D já reserva weight
SiteValidationOptions,struct,vmm,VMMLib/include/VoronoiMeshMaker/Sites2D/SiteValidation.hpp,,Sites2D,Options controlling validation of generator sites.,,Boundary2D ErrorHandling Sites2D,não,ut_CVT.cpp ut_Diagram.cpp ut_IO.cpp ut_SiteFactory.cpp ut_SiteValidation.cpp,arquivo compartilhado (5 tipos): 97.9% linhas,não,,,VMMLib/include/VoronoiMeshMaker/SiteValidation.hpp,ativo,APROVEITAR,tipos simples e testados; Site2D já reserva weight
SiteValidationReport,struct,vmm,VMMLib/include/VoronoiMeshMaker/Sites2D/SiteValidation.hpp,,Sites2D,Options controlling validation of generator sites.,,Boundary2D ErrorHandling Sites2D,não,,arquivo compartilhado (5 tipos): 97.9% linhas,não,,,VMMLib/include/VoronoiMeshMaker/SiteValidation.hpp,ativo (interno ao arquivo),APROVEITAR,funciona (exercitado indiretamente); sem teste que o cite; adaptar ao novo modelo
SiteSpacingCell2D,struct,vmm::detail,VMMLib/include/VoronoiMeshMaker/Sites2D/SiteValidation.hpp,,Sites2D,,,Boundary2D ErrorHandling Sites2D,não,,arquivo compartilhado (5 tipos): 97.9% linhas,não,,,VMMLib/include/VoronoiMeshMaker/SiteValidation.hpp,ativo (interno ao arquivo),APROVEITAR,funciona (exercitado indiretamente); sem teste que o cite; adaptar ao novo modelo
SiteSpacingCellHash2D,struct,vmm::detail,VMMLib/include/VoronoiMeshMaker/Sites2D/SiteValidation.hpp,,Sites2D,,,Boundary2D ErrorHandling Sites2D,não,,arquivo compartilhado (5 tipos): 97.9% linhas,não,,,VMMLib/include/VoronoiMeshMaker/SiteValidation.hpp,ativo (interno ao arquivo),APROVEITAR,funciona (exercitado indiretamente); sem teste que o cite; adaptar ao novo modelo
SiteSpacingIndex2D,struct,vmm,VMMLib/include/VoronoiMeshMaker/Sites2D/SiteValidation.hpp,,Sites2D,Spatial index for minimum-distance checks between sites.,,Boundary2D ErrorHandling Sites2D,não,,arquivo compartilhado (5 tipos): 97.9% linhas,não,,,VMMLib/include/VoronoiMeshMaker/SiteValidation.hpp,ativo,APROVEITAR,funciona (exercitado indiretamente); sem teste que o cite; adaptar ao novo modelo
LloydOptions2D,struct,vmm,VMMLib/include/VoronoiMeshMaker/Voronoi2D/CVT/LloydOptimizer2D.hpp,,Voronoi2D,Options controlling Lloyd relaxation.,,Boundary2D ErrorHandling Sites2D Voronoi2D,não,ut_CVT.cpp ut_Release.cpp,arquivo compartilhado (3 tipos): 94.2% linhas,não,,,VMMLib/include/VoronoiMeshMaker/LloydOptimizer2D.hpp,ativo,APROVEITAR,funciona e é testado; adaptar ao novo modelo
LloydIterationStats2D,struct,vmm,VMMLib/include/VoronoiMeshMaker/Voronoi2D/CVT/LloydOptimizer2D.hpp,,Voronoi2D,Diagnostic data for one Lloyd iteration.,,Boundary2D ErrorHandling Sites2D Voronoi2D,não,,arquivo compartilhado (3 tipos): 94.2% linhas,não,,,VMMLib/include/VoronoiMeshMaker/LloydOptimizer2D.hpp,ativo (interno ao arquivo),APROVEITAR,funciona (exercitado indiretamente); sem teste que o cite; adaptar ao novo modelo
LloydResult2D,struct,vmm,VMMLib/include/VoronoiMeshMaker/Voronoi2D/CVT/LloydOptimizer2D.hpp,,Voronoi2D,Result of a Lloyd relaxation run.,,Boundary2D ErrorHandling Sites2D Voronoi2D,não,,arquivo compartilhado (3 tipos): 94.2% linhas,não,,,VMMLib/include/VoronoiMeshMaker/LloydOptimizer2D.hpp,ativo (interno ao arquivo),APROVEITAR,funciona (exercitado indiretamente); sem teste que o cite; adaptar ao novo modelo
BoundaryConditionPoint2D,class,vmm,VMMLib/include/VoronoiMeshMaker/Voronoi2D/Cells/BoundaryConditionPoint2D.hpp,,Voronoi2D,Immutable boundary-condition geometry constructed from a support line.,,Boundary2D Core,não,ut_Connectivity.cpp,100.0% linhas / 87.5% ramos,não,,,,ativo,REFATORAR,"migrar para o modelo Mesh2D (owner/neighbour, CSR)"
AreaCentroid2D,struct,vmm,VMMLib/include/VoronoiMeshMaker/Voronoi2D/Cells/VoronoiCell2D.hpp,,Voronoi2D,Result of a single-pass signed-area and centroid computation.,,Boundary2D Core Sites2D Voronoi2D,não,,arquivo compartilhado (3 tipos): 98.5% linhas,não,,,VMMLib/include/VoronoiMeshMaker/VoronoiCell2D.hpp,ativo (interno ao arquivo),REFATORAR,"migrar para o modelo Mesh2D (owner/neighbour, CSR)"
VoronoiCellEdge2D,class,vmm,VMMLib/include/VoronoiMeshMaker/Voronoi2D/Cells/VoronoiCell2D.hpp,,Voronoi2D,Metadata for one edge of a clipped Voronoi cell.,,Boundary2D Core Sites2D Voronoi2D,não,ut_Connectivity.cpp ut_Diagram.cpp ut_Release.cpp,arquivo compartilhado (3 tipos): 98.5% linhas,não,,,VMMLib/include/VoronoiMeshMaker/VoronoiCell2D.hpp,ativo,REFATORAR,"migrar para o modelo Mesh2D (owner/neighbour, CSR)"
VoronoiCell2D,struct,vmm,VMMLib/include/VoronoiMeshMaker/Voronoi2D/Cells/VoronoiCell2D.hpp,,Voronoi2D,One clipped Voronoi cell associated with a generator site.,,Boundary2D Core Sites2D Voronoi2D,não,ut_Cells.cpp ut_Connectivity.cpp ut_Diagram.cpp ut_Release.cpp,arquivo compartilhado (3 tipos): 98.5% linhas,não,,,VMMLib/include/VoronoiMeshMaker/VoronoiCell2D.hpp,ativo,REFATORAR,"migrar para o modelo Mesh2D (owner/neighbour, CSR)"
VoronoiCellBuildOptions2D,struct,vmm,VMMLib/include/VoronoiMeshMaker/Voronoi2D/Cells/VoronoiCellBuilder2D.hpp,,Voronoi2D,Options controlling how one Voronoi cell is built.,,Boundary2D ErrorHandling Sites2D Voronoi2D,não,,arquivo compartilhado (2 tipos): 93.5% linhas,não,,,VMMLib/include/VoronoiMeshMaker/VoronoiCellBuilder2D.hpp,ativo,REFATORAR,"migrar para o modelo Mesh2D (owner/neighbour, CSR)"
VoronoiCellBuilder2D,struct,vmm,VMMLib/include/VoronoiMeshMaker/Voronoi2D/Cells/VoronoiCellBuilder2D.hpp,,Voronoi2D,Options controlling how one Voronoi cell is built.,,Boundary2D ErrorHandling Sites2D Voronoi2D,não,ut_Cells.cpp ut_Clipping.cpp ut_Connectivity.cpp ut_Release.cpp,arquivo compartilhado (2 tipos): 93.5% linhas,não,,,VMMLib/include/VoronoiMeshMaker/VoronoiCellBuilder2D.hpp,ativo,REFATORAR,só aceita domínio convexo de um anel; recorte do domínio a reescrever
BisectorHalfplane,struct,vmm,VMMLib/include/VoronoiMeshMaker/Voronoi2D/Clipping/BisectorHalfplane.hpp,,Voronoi2D,Construct the perpendicular-bisector halfplane for a site pair.,,ErrorHandling Sites2D Voronoi2D,não,ut_Clipping.cpp,100.0% linhas / 100.0% ramos,não,,,VMMLib/include/VoronoiMeshMaker/BisectorHalfplane.hpp,ativo,APROVEITAR,base da célula convexa por semiplanos (DEC-006)
BoundaryShortEdgeCollapseOptions2D,struct,vmm,VMMLib/include/VoronoiMeshMaker/Voronoi2D/Clipping/BoundaryShortEdgeCollapse2D.hpp,,Voronoi2D,Optional clean-up for very short Voronoi edges on the clipped boundary.,,Boundary2D Core ErrorHandling,não,ut_Clipping.cpp,arquivo compartilhado (2 tipos): 94.5% linhas,não,,BoundaryShortEdgePolicy2D,VMMLib/include/VoronoiMeshMaker/BoundaryShortEdgeCollapse2D.hpp,ativo,REFATORAR,enum de política de despacho; revisar para multirregião
BoundaryShortEdgeCollapseResult2D,struct,vmm,VMMLib/include/VoronoiMeshMaker/Voronoi2D/Clipping/BoundaryShortEdgeCollapse2D.hpp,,Voronoi2D,Optional clean-up for very short Voronoi edges on the clipped boundary.,,Boundary2D Core ErrorHandling,não,,arquivo compartilhado (2 tipos): 94.5% linhas,não,,,VMMLib/include/VoronoiMeshMaker/BoundaryShortEdgeCollapse2D.hpp,ativo (interno ao arquivo),REFATORAR,resultado do colapso de arestas curtas; revisar para multirregião
ClippingWorkspace2D,struct,vmm,VMMLib/include/VoronoiMeshMaker/Voronoi2D/Clipping/ClippingWorkspace2D.hpp,,Voronoi2D,Scratch buffers for repeated polygon clipping.,,Sites2D,não,ut_Clipping.cpp ut_Release.cpp,não instrumentado,não,,,VMMLib/include/VoronoiMeshMaker/ClippingWorkspace2D.hpp,ativo,APROVEITAR,base da célula convexa por semiplanos (DEC-006)
Halfplane2D,struct,vmm,VMMLib/include/VoronoiMeshMaker/Voronoi2D/Clipping/Halfplane2D.hpp,,Voronoi2D,Closed 2D halfplane represented by `a*x + b*y <= c`.,,Core Sites2D,não,ut_Clipping.cpp,100.0% linhas / 62.5% ramos,não,,,VMMLib/include/VoronoiMeshMaker/Halfplane2D.hpp,ativo,APROVEITAR,base da célula convexa por semiplanos (DEC-006)
HalfplaneClipper2D,struct,vmm,VMMLib/include/VoronoiMeshMaker/Voronoi2D/Clipping/HalfplaneClipper2D.hpp,,Voronoi2D,Clips a polygon by `a*x + b*y <= c`.,,Core ErrorHandling Voronoi2D,não,ut_Clipping.cpp,95.9% linhas / 78.6% ramos,não,,,VMMLib/include/VoronoiMeshMaker/HalfplaneClipper2D.hpp,ativo,APROVEITAR,base da célula convexa por semiplanos (DEC-006)
SegmentEndpointEvent2D,struct,vmm,VMMLib/include/VoronoiMeshMaker/Voronoi2D/Clipping/VoronoiBoundaryCellDetector2D.hpp,,Voronoi2D,Detects boundary Voronoi cells using the Yan et al. FIFO propagation.,,Boundary2D Core ErrorHandling Sites2D Voronoi2D,não,,arquivo compartilhado (9 tipos): 90.1% linhas,não,,,VMMLib/include/VoronoiMeshMaker/BoundaryCellDetector2D.hpp,ativo (interno ao arquivo),REFATORAR,lógica reaproveitável; adaptar a domínio não convexo e multirregião
BoundaryCellIncidentEdge2D,struct,vmm,VMMLib/include/VoronoiMeshMaker/Voronoi2D/Clipping/VoronoiBoundaryCellDetector2D.hpp,,Voronoi2D,Detects boundary Voronoi cells using the Yan et al. FIFO propagation.,,Boundary2D Core ErrorHandling Sites2D Voronoi2D,não,,arquivo compartilhado (9 tipos): 90.1% linhas,não,,,VMMLib/include/VoronoiMeshMaker/BoundaryCellDetector2D.hpp,ativo (interno ao arquivo),REFATORAR,lógica reaproveitável; adaptar a domínio não convexo e multirregião
BoundaryCellDetection2D,struct,vmm,VMMLib/include/VoronoiMeshMaker/Voronoi2D/Clipping/VoronoiBoundaryCellDetector2D.hpp,,Voronoi2D,,,Boundary2D Core ErrorHandling Sites2D Voronoi2D,não,,arquivo compartilhado (9 tipos): 90.1% linhas,não,,,VMMLib/include/VoronoiMeshMaker/BoundaryCellDetector2D.hpp,ativo (interno ao arquivo),REFATORAR,lógica reaproveitável; adaptar a domínio não convexo e multirregião
BoundaryCellDetector2D,struct,vmm,VMMLib/include/VoronoiMeshMaker/Voronoi2D/Clipping/VoronoiBoundaryCellDetector2D.hpp,,Voronoi2D,,,Boundary2D Core ErrorHandling Sites2D Voronoi2D,não,ut_Clipping.cpp,arquivo compartilhado (9 tipos): 90.1% linhas,não,,,VMMLib/include/VoronoiMeshMaker/BoundaryCellDetector2D.hpp,ativo,REFATORAR,lógica reaproveitável; adaptar a domínio não convexo e multirregião
Options,struct,vmm,VMMLib/include/VoronoiMeshMaker/Voronoi2D/Clipping/VoronoiBoundaryCellDetector2D.hpp,,Voronoi2D,Detects Voronoi cells that intersect Boundary2D edges.,,Boundary2D Core ErrorHandling Sites2D Voronoi2D,não,ut_VTK_Legacy.cpp,arquivo compartilhado (9 tipos): 90.1% linhas,não,,,VMMLib/include/VoronoiMeshMaker/BoundaryCellDetector2D.hpp,ativo,REFATORAR,lógica reaproveitável; adaptar a domínio não convexo e multirregião
BoundaryEdge,struct,vmm,VMMLib/include/VoronoiMeshMaker/Voronoi2D/Clipping/VoronoiBoundaryCellDetector2D.hpp,,Voronoi2D,,,Boundary2D Core ErrorHandling Sites2D Voronoi2D,não,,arquivo compartilhado (9 tipos): 90.1% linhas,não,,,VMMLib/include/VoronoiMeshMaker/BoundaryCellDetector2D.hpp,ativo (interno ao arquivo),REFATORAR,lógica reaproveitável; adaptar a domínio não convexo e multirregião
CellEdgePair,struct,vmm,VMMLib/include/VoronoiMeshMaker/Voronoi2D/Clipping/VoronoiBoundaryCellDetector2D.hpp,,Voronoi2D,,,Boundary2D Core ErrorHandling Sites2D Voronoi2D,não,,arquivo compartilhado (9 tipos): 90.1% linhas,não,,,VMMLib/include/VoronoiMeshMaker/BoundaryCellDetector2D.hpp,ativo (interno ao arquivo),REFATORAR,lógica reaproveitável; adaptar a domínio não convexo e multirregião
CellHalfplane,struct,vmm,VMMLib/include/VoronoiMeshMaker/Voronoi2D/Clipping/VoronoiBoundaryCellDetector2D.hpp,,Voronoi2D,,,Boundary2D Core ErrorHandling Sites2D Voronoi2D,não,,arquivo compartilhado (9 tipos): 90.1% linhas,não,,,VMMLib/include/VoronoiMeshMaker/BoundaryCellDetector2D.hpp,ativo (interno ao arquivo),REFATORAR,lógica reaproveitável; adaptar a domínio não convexo e multirregião
ClippedSegment,struct,vmm,VMMLib/include/VoronoiMeshMaker/Voronoi2D/Clipping/VoronoiBoundaryCellDetector2D.hpp,,Voronoi2D,,,Boundary2D Core ErrorHandling Sites2D Voronoi2D,não,,arquivo compartilhado (9 tipos): 90.1% linhas,não,,,VMMLib/include/VoronoiMeshMaker/BoundaryCellDetector2D.hpp,ativo (interno ao arquivo),REFATORAR,lógica reaproveitável; adaptar a domínio não convexo e multirregião
DelaunayBuildOptions2D,struct,vmm,VMMLib/include/VoronoiMeshMaker/Voronoi2D/Delaunay/DelaunayBuilder2D.hpp,,Voronoi2D,Options controlling Delaunay construction from SiteSet.,,ErrorHandling Sites2D Voronoi2D,não,ut_Delaunay.cpp,arquivo compartilhado (2 tipos): 88.2% linhas,não,,,VMMLib/include/VoronoiMeshMaker/DelaunayBuilder2D.hpp,ativo,REFATORAR,devolve triangulação do CGAL em header público; vai para o backend interno
DelaunayBuilder2D,struct,vmm,VMMLib/include/VoronoiMeshMaker/Voronoi2D/Delaunay/DelaunayBuilder2D.hpp,,Voronoi2D,Options controlling Delaunay construction from SiteSet.,,ErrorHandling Sites2D Voronoi2D,não,ut_Cells.cpp ut_Clipping.cpp ut_Delaunay.cpp,arquivo compartilhado (2 tipos): 88.2% linhas,não,,,VMMLib/include/VoronoiMeshMaker/DelaunayBuilder2D.hpp,ativo,REFATORAR,devolve triangulação do CGAL em header público; vai para o backend interno
DelaunayNeighborProvider2D,struct,vmm,VMMLib/include/VoronoiMeshMaker/Voronoi2D/Delaunay/DelaunayNeighborProvider2D.hpp,,Voronoi2D,Neighbor query helper for a Delaunay triangulation.,,Voronoi2D,não,ut_Delaunay.cpp,93.8% linhas / 94.4% ramos,não,,,VMMLib/include/VoronoiMeshMaker/DelaunayNeighborProvider2D.hpp,ativo,REFATORAR,devolve triangulação do CGAL em header público; vai para o backend interno
DelaunaySiteIndex,struct,vmm,VMMLib/include/VoronoiMeshMaker/Voronoi2D/Delaunay/DelaunaySiteIndex.hpp,,Voronoi2D,Compact index from sequential SiteId values to CGAL vertex handles.,,ErrorHandling Voronoi2D,não,ut_Cells.cpp ut_Clipping.cpp ut_Delaunay.cpp ut_Release.cpp,90.3% linhas / 78.8% ramos,não,,,VMMLib/include/VoronoiMeshMaker/DelaunaySiteIndex.hpp,ativo,REFATORAR,devolve triangulação do CGAL em header público; vai para o backend interno
ClippedVoronoiBuildOptions2D,struct,vmm,VMMLib/include/VoronoiMeshMaker/Voronoi2D/Diagram/ClippedVoronoiBuilder2D.hpp,,Voronoi2D,,tbb,Boundary2D ErrorHandling Sites2D Voronoi2D,não,ut_Connectivity.cpp ut_Diagram.cpp ut_Release.cpp,arquivo compartilhado (2 tipos): 97.0% linhas,não,,,VMMLib/include/VoronoiMeshMaker/ClippedVoronoiBuilder2D.hpp,ativo,REFATORAR,inclui TBB diretamente em header público; base do novo pipeline
ClippedVoronoiBuilder2D,struct,vmm,VMMLib/include/VoronoiMeshMaker/Voronoi2D/Diagram/ClippedVoronoiBuilder2D.hpp,,Voronoi2D,,tbb,Boundary2D ErrorHandling Sites2D Voronoi2D,não,ut_CVT.cpp ut_Connectivity.cpp ut_Diagram.cpp ut_Release.cpp,arquivo compartilhado (2 tipos): 97.0% linhas,não,,,VMMLib/include/VoronoiMeshMaker/ClippedVoronoiBuilder2D.hpp,ativo,REFATORAR,inclui TBB diretamente em header público; base do novo pipeline
VolumeNumberingState2D,struct,vmm,VMMLib/include/VoronoiMeshMaker/Voronoi2D/Diagram/ClippedVoronoiDiagram2D.hpp,,Voronoi2D,Tracks which renumbering method was last applied to the diagram.,,Boundary2D ErrorHandling Sites2D Voronoi2D,não,,arquivo compartilhado (2 tipos): 94.4% linhas,não,,VolumeNumberingMethod2D,VMMLib/include/VoronoiMeshMaker/ClippedVoronoiDiagram2D.hpp,ativo,REFATORAR,usa o enum de despacho VolumeNumberingMethod2D
ClippedVoronoiDiagram2D,struct,vmm,VMMLib/include/VoronoiMeshMaker/Voronoi2D/Diagram/ClippedVoronoiDiagram2D.hpp,,Voronoi2D,Complete clipped 2D Voronoi diagram for one Boundary2D / SiteSet pair.,,Boundary2D ErrorHandling Sites2D Voronoi2D,não,ut_Connectivity.cpp ut_Diagram.cpp ut_Release.cpp,arquivo compartilhado (2 tipos): 94.4% linhas,não,,VolumeNumberingMethod2D,VMMLib/include/VoronoiMeshMaker/ClippedVoronoiDiagram2D.hpp,ativo,REFATORAR,guarda a triangulação do CGAL no modelo; enum de numeração
VoronoiFaceLengthLimits2D,struct,vmm,VMMLib/include/VoronoiMeshMaker/Voronoi2D/Diagram/VoronoiFaceConnectivity2D.hpp,,Voronoi2D,Transactional pairing of physical Voronoi faces.,,Sites2D Voronoi2D,não,ut_Connectivity.cpp,arquivo compartilhado (5 tipos): 94.0% linhas,não,,,,ativo,REFATORAR,"faces casadas por proximidade geométrica com tolerância; preferir chave combinatória (i, j)"
VoronoiFaceConnectivity2D,struct,vmm,VMMLib/include/VoronoiMeshMaker/Voronoi2D/Diagram/VoronoiFaceConnectivity2D.hpp,,Voronoi2D,"Pair the final internal segments, independently of Delaunay links.",,Sites2D Voronoi2D,não,ut_Connectivity.cpp,arquivo compartilhado (5 tipos): 94.0% linhas,não,,,,ativo,REFATORAR,"faces casadas por proximidade geométrica com tolerância; preferir chave combinatória (i, j)"
Reference,struct,vmm,VMMLib/include/VoronoiMeshMaker/Voronoi2D/Diagram/VoronoiFaceConnectivity2D.hpp,,Voronoi2D,,,Sites2D Voronoi2D,não,,arquivo compartilhado (5 tipos): 94.0% linhas,não,,,,ativo,REFATORAR,"faces casadas por proximidade geométrica com tolerância; preferir chave combinatória (i, j)"
Bucket,struct,vmm,VMMLib/include/VoronoiMeshMaker/Voronoi2D/Diagram/VoronoiFaceConnectivity2D.hpp,,Voronoi2D,,,Sites2D Voronoi2D,não,,arquivo compartilhado (5 tipos): 94.0% linhas,não,,,,ativo (interno ao arquivo),REFATORAR,"faces casadas por proximidade geométrica com tolerância; preferir chave combinatória (i, j)"
BucketHash,struct,vmm,VMMLib/include/VoronoiMeshMaker/Voronoi2D/Diagram/VoronoiFaceConnectivity2D.hpp,,Voronoi2D,,,Sites2D Voronoi2D,não,,arquivo compartilhado (5 tipos): 94.0% linhas,não,,,,ativo (interno ao arquivo),REFATORAR,"faces casadas por proximidade geométrica com tolerância; preferir chave combinatória (i, j)"
VoronoiBandwidth2D,struct,vmm,VMMLib/include/VoronoiMeshMaker/Voronoi2D/Metrics/VoronoiBandwidth2D.hpp,,Voronoi2D,Bandwidth information for the sparse matrix associated with a mesh.,,Voronoi2D,não,ut_Diagram.cpp ut_Release.cpp,88.0% linhas / 96.2% ramos,não,,AdjacencyGraph2D,VMMLib/include/VoronoiMeshMaker/VoronoiBandwidth2D.hpp,ativo,REFATORAR,enum AdjacencyGraph2D de despacho
ShortVoronoiEdge2D,struct,vmm,VMMLib/include/VoronoiMeshMaker/Voronoi2D/Metrics/VoronoiEdgeLengthDiagnostics2D.hpp,,Voronoi2D,One Voronoi edge whose length is below the requested threshold.,,ErrorHandling Voronoi2D,não,,arquivo compartilhado (2 tipos): 80.0% linhas,não,,,VMMLib/include/VoronoiMeshMaker/VoronoiEdgeLengthDiagnostics2D.hpp,ativo (interno ao arquivo),APROVEITAR,funciona (exercitado indiretamente); sem teste que o cite; adaptar ao novo modelo
VoronoiEdgeLengthDiagnostics2D,struct,vmm,VMMLib/include/VoronoiMeshMaker/Voronoi2D/Metrics/VoronoiEdgeLengthDiagnostics2D.hpp,,Voronoi2D,Summary of edge-length checks over a clipped Voronoi diagram.,,ErrorHandling Voronoi2D,não,ut_Diagram.cpp,arquivo compartilhado (2 tipos): 80.0% linhas,não,,,VMMLib/include/VoronoiMeshMaker/VoronoiEdgeLengthDiagnostics2D.hpp,ativo,APROVEITAR,funciona e é testado; adaptar ao novo modelo
VoronoiGenerationTimings2D,struct,vmm,VMMLib/include/VoronoiMeshMaker/Voronoi2D/Metrics/VoronoiGenerationTimer2D.hpp,,Voronoi2D,Generation times in milliseconds.,,Core,não,,arquivo compartilhado (3 tipos): 100.0% linhas,não,,,VMMLib/include/VoronoiMeshMaker/VoronoiGenerationTimer2D.hpp,ativo,APROVEITAR,funciona (exercitado indiretamente); sem teste que o cite; adaptar ao novo modelo
TimedVoronoiGeneration2D,struct,vmm,VMMLib/include/VoronoiMeshMaker/Voronoi2D/Metrics/VoronoiGenerationTimer2D.hpp,,Voronoi2D,Result of a timed 2D generation pipeline.,,Core,não,,arquivo compartilhado (3 tipos): 100.0% linhas,não,,,VMMLib/include/VoronoiMeshMaker/VoronoiGenerationTimer2D.hpp,ativo (interno ao arquivo),APROVEITAR,funciona (exercitado indiretamente); sem teste que o cite; adaptar ao novo modelo
VoronoiGenerationTimer2D,struct,vmm,VMMLib/include/VoronoiMeshMaker/Voronoi2D/Metrics/VoronoiGenerationTimer2D.hpp,,Voronoi2D,Generation times in milliseconds.,,Core,não,ut_Diagram.cpp,arquivo compartilhado (3 tipos): 100.0% linhas,não,,,VMMLib/include/VoronoiMeshMaker/VoronoiGenerationTimer2D.hpp,ativo,APROVEITAR,funciona e é testado; adaptar ao novo modelo
VolumeRenumbering2D,struct,vmm,VMMLib/include/VoronoiMeshMaker/Voronoi2D/Ordering/VoronoiVolumeOrdering2D.hpp,,Voronoi2D,Bidirectional mapping produced by renumber_volumes().,,ErrorHandling Voronoi2D,não,,arquivo compartilhado (6 tipos): 96.3% linhas,não,,,VMMLib/include/VoronoiMeshMaker/VoronoiVolumeOrdering2D.hpp,ativo (interno ao arquivo),APROVEITAR,funciona (exercitado indiretamente); sem teste que o cite; adaptar ao novo modelo
VolumeRenumberingOptions2D,struct,vmm,VMMLib/include/VoronoiMeshMaker/Voronoi2D/Ordering/VoronoiVolumeOrdering2D.hpp,,Voronoi2D,Bidirectional mapping produced by renumber_volumes().,,ErrorHandling Voronoi2D,não,ut_Release.cpp,arquivo compartilhado (6 tipos): 96.3% linhas,não,,,VMMLib/include/VoronoiMeshMaker/VoronoiVolumeOrdering2D.hpp,ativo,APROVEITAR,funciona e é testado; adaptar ao novo modelo
InputVolumeOrdering2D,struct,vmm,VMMLib/include/VoronoiMeshMaker/Voronoi2D/Ordering/VoronoiVolumeOrdering2D.hpp,,Voronoi2D,Ordering policy that keeps the current volume order unchanged.,,ErrorHandling Voronoi2D,não,ut_Release.cpp,arquivo compartilhado (6 tipos): 96.3% linhas,não,,,VMMLib/include/VoronoiMeshMaker/VoronoiVolumeOrdering2D.hpp,ativo,APROVEITAR,funciona e é testado; adaptar ao novo modelo
LexicographicVolumeOrdering2D,struct,vmm,VMMLib/include/VoronoiMeshMaker/Voronoi2D/Ordering/VoronoiVolumeOrdering2D.hpp,,Voronoi2D,"Sorts volumes by centroid x-coordinate, then by y-coordinate.",,ErrorHandling Voronoi2D,não,ut_Release.cpp,arquivo compartilhado (6 tipos): 96.3% linhas,não,,,VMMLib/include/VoronoiMeshMaker/VoronoiVolumeOrdering2D.hpp,ativo,APROVEITAR,funciona e é testado; adaptar ao novo modelo
HilbertVolumeOrdering2D,struct,vmm,VMMLib/include/VoronoiMeshMaker/Voronoi2D/Ordering/VoronoiVolumeOrdering2D.hpp,,Voronoi2D,Sorts volumes along a Hilbert space-filling curve over cell centroids.,,ErrorHandling Voronoi2D,não,ut_Connectivity.cpp ut_Diagram.cpp ut_Release.cpp,arquivo compartilhado (6 tipos): 96.3% linhas,não,,,VMMLib/include/VoronoiMeshMaker/VoronoiVolumeOrdering2D.hpp,ativo,APROVEITAR,funciona e é testado; adaptar ao novo modelo
CentroidBox,struct,vmm,VMMLib/include/VoronoiMeshMaker/Voronoi2D/Ordering/VoronoiVolumeOrdering2D.hpp,,Voronoi2D,,,ErrorHandling Voronoi2D,não,,arquivo compartilhado (6 tipos): 96.3% linhas,não,,,VMMLib/include/VoronoiMeshMaker/VoronoiVolumeOrdering2D.hpp,ativo (interno ao arquivo),APROVEITAR,funciona (exercitado indiretamente); sem teste que o cite; adaptar ao novo modelo
CgalKernelTraits2D,struct,vmm,VMMLib/include/VoronoiMeshMaker/Voronoi2D/Traits/CgalKernelTraits2D.hpp,,Voronoi2D,Canonical CGAL traits for unweighted 2D Voronoi generation.,CGAL,Core Sites2D,não,ut_Delaunay.cpp ut_Release.cpp,100.0% linhas / 87.5% ramos,não,,,VMMLib/include/VoronoiMeshMaker/CgalKernelTraits2D.hpp,ativo,REFATORAR,traits do CGAL em header público; vai para o backend interno
Array,struct,vmm::io,VMMLib/src/VTK_XML_ClippedVoronoi2D.cpp,,src,Deterministic XML mesh export with shared vertices and lossless encoding.,,IO,não,,não instrumentado,não,,,,ativo (interno ao arquivo),REFATORAR,escritores úteis; consolidar VTK legacy/XML e separar visualização de persistência
