case,input_sites,cells,repeat,seconds,peak_rss_kib,accepted,converged,stalled,initial_energy,final_energy
2d,16,16,0,0.00,8200,5,false,false,9.89473495e-02,4.45626808e-02
2d,16,16,1,0.00,8156,5,false,false,9.89473495e-02,4.45626808e-02
2d,16,16,2,0.00,8212,5,false,false,9.89473495e-02,4.45626808e-02
2d,64,64,0,0.01,8224,5,false,false,2.77636987e-02,1.13580406e-02
2d,64,64,1,0.01,8336,5,false,false,2.77636987e-02,1.13580406e-02
2d,64,64,2,0.01,7976,5,false,false,2.77636987e-02,1.13580406e-02
2d,256,256,0,0.02,8580,5,false,false,5.16088030e-03,2.82347843e-03
2d,256,256,1,0.02,8584,5,false,false,5.16088030e-03,2.82347843e-03
2d,256,256,2,0.02,8620,5,false,false,5.16088030e-03,2.82347843e-03
3d,8,8,0,0.05,9096,5,false,false,1.35891646e-01,6.89488949e-02
3d,8,8,1,0.05,9264,5,false,false,1.35891646e-01,6.89488949e-02
3d,8,8,2,0.05,9176,5,false,false,1.35891646e-01,6.89488949e-02
3d,27,27,0,0.18,9404,5,false,false,5.55696538e-02,3.04724938e-02
3d,27,27,1,0.19,9148,5,false,false,5.55696538e-02,3.04724938e-02
3d,27,27,2,0.18,9356,5,false,false,5.55696538e-02,3.04724938e-02
3d,64,64,0,0.41,9584,5,false,false,2.54856073e-02,1.63190270e-02
3d,64,64,1,0.42,9548,5,false,false,2.54856073e-02,1.63190270e-02
3d,64,64,2,0.43,9588,5,false,false,2.54856073e-02,1.63190270e-02
horizons,4,16,0,0.16,10332,5,false,false,8.17925351e-01,4.67932043e-01
horizons,4,16,1,0.16,10260,5,false,false,8.17925351e-01,4.67932043e-01
horizons,4,16,2,0.15,10360,5,false,false,8.17925351e-01,4.67932043e-01
horizons,9,36,0,0.41,10392,5,false,false,4.04903032e-01,2.56369014e-01
horizons,9,36,1,0.41,10672,5,false,false,4.04903032e-01,2.56369014e-01
horizons,9,36,2,0.41,10628,5,false,false,4.04903032e-01,2.56369014e-01
horizons,16,64,0,0.67,10828,5,false,false,2.99539701e-01,1.73229963e-01
horizons,16,64,1,0.66,11012,5,false,false,2.99539701e-01,1.73229963e-01
horizons,16,64,2,0.68,11036,5,false,false,2.99539701e-01,1.73229963e-01
